Initial Time,Final Time,Speed,Distance,Acceleration
17:10:51,17:10:53,1.2743433118794338,0.0007079685065996855,0.6371716559397169
17:10:53,17:10:55,5.853659503244695,0.003252033057358164,2.289658095682631
17:10:55,17:10:57,10.0311278801602,0.005572848822311223,2.0887341884577526
17:10:57,17:10:59,9.703678533369615,0.005390932518538675,-0.16372467339529262
17:10:59,17:11:01,10.576013562899675,0.00587556309049982,0.4361675147650299
17:11:01,17:11:03,10.647069721062982,0.005915038733923878,0.03552807908165345
17:11:03,17:11:05,11.031470317318982,0.0061285946207327675,0.1922002981280002
17:11:05,17:11:07,11.374614643038367,0.006319230357243537,0.17157216285969223
17:11:07,17:11:09,10.515779289497297,0.005842099605276276,-0.42941767677053466
17:11:09,17:11:11,10.158255729022857,0.005643475405012698,-0.17876178023722034
17:11:11,17:11:13,11.340935216701386,0.006300519564834103,0.5913397438392645
17:11:13,17:11:15,12.479461878270861,0.006933034376817145,0.5692633307847377
17:11:15,17:11:17,11.8359531672092,0.006575529537338444,-0.32175435553083087
17:11:17,17:11:19,11.034410707023563,0.006130228170568646,-0.40077123009281834
17:11:19,17:11:21,12.141140946302773,0.006745078303501541,0.5533651196396052
17:11:21,17:11:23,13.620992665962012,0.007567218147756673,0.7399258598296194
17:11:23,17:11:25,14.519661429331888,0.00806647857185105,0.4493343816849382
17:11:25,17:11:27,13.018337288674177,0.007232409604818987,-0.7506620703288558
17:11:27,17:11:29,11.999168893133412,0.006666204940629673,-0.5095841977703826
17:11:29,17:11:31,12.146538197217952,0.006748076776232195,0.07368465204227004
17:11:31,17:11:33,12.001894052249884,0.0066677189179166025,-0.07232207248403366
17:11:33,17:11:35,9.668848022158764,0.0053715822345326465,-1.16652301504556
17:11:35,17:11:37,7.706505748240971,0.004281392082356095,-0.9811711369588965
17:11:37,17:11:39,6.185697599043531,0.003436498666135295,-0.7604040745987204
17:11:39,17:11:41,5.52701547168902,0.0030705641509383443,-0.32934106367725535
17:11:41,17:11:43,7.025134684659745,0.0039028526025887476,0.7490596064853627
17:11:43,17:11:45,8.027840189333235,0.004459911216296242,0.5013527523367447
17:11:45,17:11:47,8.769670944209013,0.004872039413449452,0.37091537743788905
17:11:47,17:11:49,10.738353273044446,0.0059657518183580255,0.9843411644177165
17:11:49,17:11:51,10.946138825157458,0.006081188236198588,0.10389277605650626
17:11:51,17:11:53,10.709195937785742,0.005949553298769857,-0.11847144368585827
17:11:53,17:11:55,9.79925779522836,0.0054440321084602,-0.4549690712786907
17:11:55,17:11:57,10.765873934933676,0.005981041074963153,0.48330806985265795
17:11:57,17:11:59,11.00777209247994,0.006115428940266633,0.12094907877313155
17:11:59,17:12:01,11.462600351420214,0.0063681113063445635,0.22741412947013728
17:12:01,17:12:03,11.478208158868375,0.006376782310482431,0.007803903724080463
17:12:03,17:12:05,10.944940463226972,0.00608052247957054,-0.2666338478207013
17:12:05,17:12:07,9.630824768914321,0.0053504582049524,-0.6570578471563255
17:12:07,17:12:09,9.847440027806424,0.005470800015448014,0.10830762944605166
17:12:09,17:12:11,10.204548314913122,0.005669193508285068,0.17855414355334887
17:12:11,17:12:13,7.11181306986829,0.003951007261037939,-1.5463676225224159
17:12:13,17:12:15,7.319543371534138,0.0040664129841856324,0.1038651508329238
17:12:15,17:12:17,5.497805288994822,0.0030543362716637904,-0.9108690412696578
17:12:17,17:12:19,6.705328409071655,0.003725182449484253,0.6037615600384165
17:12:19,17:12:21,8.53147933730392,0.004739710742946623,0.9130754641161327
17:12:21,17:12:23,9.669744869475398,0.005372080483041887,0.5691327660857386
17:12:23,17:12:25,6.829557407573844,0.003794198559763247,-1.4200937309507768
17:12:25,17:12:27,5.29302043857116,0.002940566910317311,-0.7682684845013421
17:12:27,17:12:29,7.097295635200211,0.003942942019555673,0.9021375983145252
17:12:29,17:12:31,7.773192575754014,0.004318440319863341,0.3379484702769018
17:12:31,17:12:33,7.128873519940838,0.003960485288856021,-0.32215952790658786
17:12:33,17:12:35,6.229592360047305,0.003460884644470725,-0.44964057994676665
17:12:35,17:12:37,4.878868597888392,0.00271048255438244,-0.6753618810794566
17:12:37,17:12:39,7.63040153171356,0.004239111962063089,1.3757664669125842
17:12:39,17:12:41,8.453059480004562,0.00469614415555809,0.41132897414550085
17:12:41,17:12:43,7.128690212620889,0.003960383451456049,-0.6621846336918367
17:12:43,17:12:45,7.17244609755776,0.003984692276420978,0.021877942468435663
17:12:45,17:12:47,6.943331232361097,0.0038574062402006097,-0.1145574325983314
17:12:47,17:12:49,6.891470119750729,0.0038285945109726273,-0.025930556305183927
17:12:49,17:12:51,5.9908853865812075,0.003328269659211782,-0.4502923665847609
17:12:51,17:12:53,7.065535206125288,0.003925297336736271,0.5373249097720403
17:12:53,17:12:55,6.940886115193325,0.0038560478417740693,-0.06232454546598154
17:12:55,17:12:57,6.28003923033374,0.0034889106835187442,-0.3304234424297925
17:12:57,17:12:59,4.705477891264039,0.0026141543840355773,-0.7872806695348507
17:12:59,17:13:01,4.030148112244785,0.0022389711734693246,-0.33766488950962703
17:13:01,17:13:03,1.6828909103883904,0.0009349393946602169,-1.173628600928197
17:13:03,17:13:05,2.5832684390200065,0.0014351491327888924,0.450188764315808
17:13:05,17:13:07,4.505340297642565,0.002502966832023647,0.9610359293112793
17:13:07,17:13:09,4.262964050402787,0.0023683133613348816,-0.12118812361988907
17:13:09,17:13:11,3.971441116958515,0.002206356176088064,-0.14576146672213608
17:13:11,17:13:13,4.607926178199961,0.0025599589878888677,0.3182425306207233
17:13:13,17:13:15,7.210400951040773,0.004005778306133763,1.3012373864204059
17:13:15,17:13:17,8.341291732630589,0.004634050962572549,0.565445390794908
17:13:17,17:13:19,8.080662098352379,0.004489256721306878,-0.1303148171391051
17:13:19,17:13:21,7.233391808366675,0.004018551004648153,-0.42363514499285193
17:13:21,17:13:23,7.771331144425645,0.00431740619134758,0.26896966802948485
17:13:23,17:13:25,7.291521006580706,0.004050845003655948,-0.23990506892246932
17:13:25,17:13:27,7.848156147133575,0.004360086748407542,0.27831757027643445
17:13:27,17:13:29,9.088407069507443,0.005049115038615246,0.6201254611869342
17:13:29,17:13:31,8.501070404731838,0.004722816891517687,-0.2936683323878029
17:13:31,17:13:33,8.028586683069747,0.004460325935038748,-0.23624186083104526
17:13:33,17:13:35,9.922126432308808,0.005512292462393782,0.9467698746195303
17:13:35,17:13:37,11.054638141079973,0.006141465633933319,0.5662558543855827
17:13:37,17:13:39,12.524728102697901,0.006958182279276612,0.7350449808089641
17:13:39,17:13:41,11.735086312449102,0.006519492395805056,-0.39482089512439966
17:13:41,17:13:43,9.935828594889484,0.005519904774938602,-0.8996288587798089
17:13:43,17:13:45,10.663495641372908,0.0059241642452071705,0.3638335232417118
17:13:45,17:13:47,10.002872636236967,0.005557151464576093,-0.33031150256797037
17:13:47,17:13:49,10.368029916959651,0.005760016620533139,0.18257864036134208
17:13:49,17:13:51,12.179879508039583,0.006766599726688658,0.9059247955399661
17:13:51,17:13:53,14.880511303486173,0.008266950724158985,1.350315897723295
17:13:53,17:13:55,11.199819858682062,0.006222122143712257,-1.8403457224020556
17:13:55,17:13:57,8.897685832271671,0.004943158795706484,-1.1510670132051954
17:13:57,17:13:59,9.717760722161483,0.00539875595675638,0.4100374449449058
17:13:59,17:14:01,9.693090982880642,0.005385050546044801,-0.012334869640420187
17:14:01,17:14:03,7.028900529160763,0.0039049447384226464,-1.3320952268599395
17:14:03,17:14:05,5.101892274879946,0.0028343845971555257,-0.9635041271404088
17:14:05,17:14:07,6.341459197568511,0.003523032887538062,0.6197834613442827
17:14:07,17:14:09,6.2737580491807945,0.0034854211384337747,-0.033850574193858396
17:14:09,17:14:11,7.270528537815093,0.0040391825210083845,0.49838524431714903
17:14:11,17:14:13,7.179703900348171,0.0039887243890823175,-0.045412318733460744
17:14:13,17:14:15,6.457958199786847,0.0035877545554371375,-0.36087285028066196
17:14:15,17:14:17,4.698571753143951,0.002610317640635528,-0.8796932233214481
17:14:17,17:14:19,5.898937814324063,0.0032771876746244795,0.6001830305900562
17:14:19,17:14:21,5.408328555999048,0.0030046269755550263,-0.24530462916250784
17:14:21,17:14:23,6.691329469742343,0.0037174052609679686,0.6415004568716478
17:14:23,17:14:25,9.076042236715985,0.005042245687064436,1.1923563834868207
17:14:25,17:14:27,8.03948567502955,0.004466380930571972,-0.5182782808432176
17:14:27,17:14:29,9.164052878232146,0.005091140487906748,0.5622836016012984
17:14:29,17:14:31,8.83973228472671,0.004910962380403727,-0.16216029675271848
17:14:31,17:14:33,10.463510621772498,0.0058130614565402765,0.8118891685228942
17:14:33,17:14:35,11.127770498951218,0.006182094721639566,0.33212993858936013
17:14:35,17:14:37,10.377642654256679,0.0057653570301426,-0.3750639223472696
17:14:37,17:14:39,9.848007670985329,0.005471115372769627,-0.26481749163567514
17:14:39,17:14:41,9.85439606026151,0.005474664477923061,0.003194194638091119
17:14:41,17:14:43,7.671396778503535,0.0042618870991686306,-1.0914996408789879
17:14:43,17:14:45,7.834575252908094,0.004352541807171163,0.08158923720227929
17:14:45,17:14:47,10.709175605502935,0.005949542003057186,1.4373001762974207
17:14:47,17:14:49,12.469570958069847,0.006927539421149915,0.8801976762834558
17:14:49,17:14:51,15.012545379111016,0.008340302988395009,1.2714872105205846
17:14:51,17:14:53,15.898670757604407,0.008832594865335781,0.44306268924669556
17:14:53,17:14:55,17.76029281317388,0.009866829340652156,0.9308110277847366
17:14:55,17:14:57,19.34469514583344,0.010747052858796357,0.7922011663297805
17:14:57,17:14:59,19.39701449180555,0.010776119162114194,0.02615967298605426
17:14:59,17:15:01,18.73766079517366,0.010409811552874255,-0.3296768483159447
17:15:01,17:15:03,17.103700091616847,0.009502055606453804,-0.8169803517784064
17:15:03,17:15:05,16.23515835069119,0.009019532417050662,-0.43427087046282864
17:15:05,17:15:07,15.039212792729487,0.008355118218183048,-0.5979727789808518
17:15:07,17:15:09,13.078825625642006,0.007266014236467781,-0.9801935835437403
17:15:09,17:15:11,12.818630257341525,0.007121461254078625,-0.1300976841502406
17:15:11,17:15:13,13.153875802463066,0.007307708779146147,0.16762277256077063
17:15:13,17:15:15,9.79754175376512,0.005443078752091733,-1.6781670243489728
17:15:15,17:15:17,8.402994463881328,0.0046683302577118484,-0.6972736449418964
17:15:17,17:15:19,6.394359711873994,0.003552422062152219,-1.0043173760036668
17:15:19,17:15:21,4.759783490294798,0.002644324161274888,-0.817288110789598
17:15:21,17:15:23,3.6572165379998385,0.0020317869655554657,-0.5512834761474799
17:15:23,17:15:25,3.893725463232669,0.0021631808129070383,0.11825446261641526
17:15:25,17:15:27,6.447579469753938,0.0035819885943077436,1.2769270032606346
17:15:27,17:15:29,5.216570475046404,0.002898094708359113,-0.6155044973537671
17:15:29,17:15:31,5.831365032570424,0.003239647240316902,0.30739727876200984
17:15:31,17:15:33,3.574823657640234,0.0019860131431334634,-1.1282706874650947
17:15:33,17:15:35,0.8567965696711749,0.00047599809426176386,-1.3590135439845297
17:15:35,17:15:37,1.269307730552855,0.0007051709614182528,0.20625558044084008
17:15:37,17:15:39,7.011436851050785,0.003895242695028214,2.871064560248965
17:15:39,17:15:41,14.943210926458304,0.008301783848032391,3.9658870377037596
17:15:41,17:15:43,19.60598089750719,0.010892211609726216,2.3313849855244433
17:15:43,17:15:45,22.555787494648484,0.012530993052582491,1.4749032985706467
17:15:45,17:15:47,23.920004834371934,0.013288891574651074,0.6821086698617247
17:15:47,17:15:49,24.719667821221776,0.013733148789567653,0.3998314934249212
17:15:49,17:15:51,24.4248615190879,0.01356936751060439,-0.14740315106693735
17:15:51,17:15:53,23.83049281791611,0.01323916267662006,-0.297184350585896
17:15:53,17:15:55,24.173400267382576,0.013429666815212541,0.17145372473323306
17:15:55,17:15:57,25.046688751007316,0.013914827083892953,0.4366442418123704
17:15:57,17:15:59,26.124621954028214,0.014513678863349007,0.5389666015104488
17:15:59,17:16:01,26.448514247275078,0.014693619026263932,0.16194614662343199
17:16:01,17:16:03,21.55080286281418,0.01197266825711899,-2.448855692230449
17:16:03,17:16:05,13.549452058522482,0.007527473365845823,-4.000675402145849
17:16:05,17:16:07,4.79797153218184,0.0026655397401010223,-4.375740263170321
17:16:07,17:16:09,6.4749118478136785,0.003597173248785377,0.838470157815919
17:16:09,17:16:11,6.5141669205193296,0.0036189816225107386,0.019627536352825548
17:16:11,17:16:13,2.6117437726021406,0.0014509687625567447,-1.9512115739585945
17:16:13,17:16:15,0.2206182894721208,0.00012256571637340045,-1.1955627415650099
17:16:15,17:16:17,0.1513647132242952,8.409150734683068e-05,-0.0346267881239128
17:16:17,17:16:19,0.4425964001356291,0.0002458868889642384,0.14561584345566697
17:16:19,17:16:21,1.8486315673606655,0.001027017537422592,0.7030175836125182
17:16:21,17:16:23,1.8703450463374853,0.001039080581298603,0.010856739488409928
17:16:23,17:16:25,1.4027952773137655,0.0007793307096187586,-0.2337748845118599
17:16:25,17:16:27,0.2572563982632902,0.00014292022125738345,-0.5727694395252376
17:16:27,17:16:29,0.6100415997049787,0.0003389119998360993,0.17639260072084426
17:16:29,17:16:31,3.719016986699348,0.0020661205481663043,1.5544876934971845
17:16:31,17:16:33,2.1172149768251143,0.001176230542680619,-0.8009010049371168
17:16:33,17:16:35,0.23885316688749889,0.00013269620382638827,-0.9391809049688077
17:16:35,17:16:37,0.26720829877551056,0.00014844905487528364,0.014177565944005835
17:16:37,17:16:39,1.1231525638301403,0.0006239736465723001,0.42797213252731486
17:16:39,17:16:41,2.1108228512272205,0.0011726793617929001,0.4938351436985401
17:16:41,17:16:43,1.260204684951621,0.0007001137138620117,-0.4253090831377997
17:16:43,17:16:45,0.3172093636907707,0.00017622742427265037,-0.4714976606304252
17:16:45,17:16:47,1.5520179721437077,0.0008622322067465042,0.6174043042264685
17:16:47,17:16:49,4.695664755948055,0.002608702642193364,1.5718233919021736
17:16:49,17:16:51,5.561490359008462,0.0030897168661158125,0.4329128015302035
17:16:51,17:16:53,3.380512665898458,0.00187806259216581,-1.090488846555002
17:16:53,17:16:55,0.732493065378476,0.00040694059187693115,-1.324009800259991
17:16:55,17:16:57,0.284904970155104,0.0001582805389750578,-0.223794047611686
17:16:57,17:16:59,0.19911942830513296,0.00011062190461396275,-0.04289277092498553
17:16:59,17:17:01,0.3210360423843277,0.00017835335688018205,0.06095830703959737
17:17:01,17:17:03,0.5128766038013673,0.0002849314465563152,0.09592028070851982
17:17:03,17:17:05,6.595009489444383,0.0036638941608024347,3.0410664428215077
17:17:05,17:17:07,12.453265843958846,0.006918481024421581,2.9291281772572315
17:17:07,17:17:09,16.880176354946684,0.009377875752748158,2.213455255493919
17:17:09,17:17:11,20.008509031702427,0.011115838350945793,1.5641663383778717
17:17:11,17:17:13,22.62103123906145,0.01256723957725636,1.3062611036795104
17:17:13,17:17:15,25.11849901511199,0.013954721675062216,1.2487338880252707
17:17:15,17:17:17,27.546063755101024,0.015303368752833902,1.213782369994517
17:17:17,17:17:19,28.890853179989897,0.016050473988883276,0.6723947124444365
17:17:19,17:17:21,26.647332939896273,0.01480407385549793,-1.1217601200468117
17:17:21,17:17:23,22.29848285358523,0.012388046029769572,-2.174425043155521
17:17:23,17:17:25,20.14220686964877,0.01119011492758265,-1.0781379919682301
17:17:25,17:17:27,18.046567703160466,0.01002587094620026,-1.0478195832441521
17:17:27,17:17:29,16.822169308998323,0.00934564961611018,-0.6121991970810718
17:17:29,17:17:31,11.681159227477158,0.006489532904153977,-2.5705050407605823
17:17:31,17:17:33,9.790159921496898,0.0054389777341649435,-0.9454996529901303
17:17:33,17:17:35,7.932350031252329,0.004406861128473516,-0.9289049451222842
17:17:35,17:17:37,7.046934591593812,0.003914963661996562,-0.4427077198292584
17:17:37,17:17:39,4.142009699639439,0.0023011164997996884,-1.4524624459771869
17:17:39,17:17:41,5.581637564610438,0.00310090975811691,0.7198139324854997
17:17:41,17:17:43,8.356385842479881,0.004642436579155489,1.3873741389347214
17:17:43,17:17:45,12.23865660787773,0.006799253671043183,1.9411353826989242
17:17:45,17:17:47,13.361585209457814,0.00742310289414323,0.5614643007900426
17:17:47,17:17:49,14.48817052339341,0.00804898362410745,0.5632926569677981
17:17:49,17:17:51,15.42971638685568,0.008572064659364267,0.4707729317311351
17:17:51,17:17:53,17.013538079853433,0.009451965599918573,0.791910846498876
17:17:53,17:17:55,17.708804494769836,0.009838224719316576,0.3476332074582018
17:17:55,17:17:57,18.413361664921272,0.010229645369400707,0.35227858507571774
17:17:57,17:17:59,20.440632248253987,0.011355906804585548,1.0136352916663576
17:17:59,17:18:01,21.393450645389706,0.011885250358549837,0.47640919856785935
17:18:01,17:18:03,22.148258976099516,0.012304588320055286,0.3774041653549052
17:18:03,17:18:05,20.484157829619647,0.011380087683122026,-0.8320505732399344
17:18:05,17:18:07,18.80493220879012,0.010447184560438956,-0.8396128104147635
17:18:07,17:18:09,13.267723225809391,0.0073709573476718835,-2.7686044914903647
17:18:09,17:18:11,9.290201051050705,0.00516122280613928,-1.988761087379343
17:18:11,17:18:13,9.826662451054455,0.005459256917252475,0.2682307000018751
17:18:13,17:18:15,8.709104469479835,0.004838391371933241,-0.5587789907873102
17:18:15,17:18:17,8.472669952671021,0.004707038862595012,-0.11821725840440678
17:18:17,17:18:19,10.164414289417635,0.005646896827454242,0.8458721683733073
17:18:19,17:18:21,10.466194298177522,0.005814552387876401,0.15089000437994304
17:18:21,17:18:23,10.107535765555385,0.0056152976475307695,-0.17932926631106838
17:18:23,17:18:25,9.168703791677888,0.005093724328709938,-0.4694159869387482
17:18:25,17:18:27,9.530908587135482,0.005294949215075268,0.18110239772879666
17:18:27,17:18:29,9.351808139594532,0.005195448966441406,-0.08955022377047506
17:18:29,17:18:31,8.598767116058637,0.004777092842254798,-0.3765205117679473
17:18:31,17:18:33,8.578250494191712,0.004765694718995395,-0.010258310933462411
17:18:33,17:18:35,6.9196542249560515,0.0038442523471978064,-0.8292981346178303
17:18:35,17:18:37,5.889358637196375,0.003271865909553542,-0.5151477938798381
17:18:37,17:18:39,6.726784039886609,0.0037371022443814495,0.41871270134511684
17:18:39,17:18:41,4.974280036894051,0.002763488909385584,-0.8762520014962791
17:18:41,17:18:43,4.748785679913359,0.0026382142666185326,-0.11274717849034577
17:18:43,17:18:45,4.137743377025748,0.00229874632056986,-0.30552115144380565
17:18:45,17:18:47,5.180119885954871,0.002877844381086039,0.5211882544645614
17:18:47,17:18:49,4.785880681388769,0.0026588226007715383,-0.1971196022830508
17:18:49,17:18:51,7.502724943030291,0.004168180523905717,1.358422130820761
17:18:51,17:18:53,7.494633530737019,0.004163685294853899,-0.004045706146635908
17:18:53,17:18:55,9.040166677447413,0.005022314820804118,0.7727665733551969
17:18:55,17:18:57,7.477633760132705,0.004154240977851503,-0.7812664586573539
17:18:57,17:18:59,7.014386480171688,0.0038968813778731603,-0.2316236399805085
17:18:59,17:19:01,8.785865406377784,0.004881036336876547,0.885739463103048
17:19:01,17:19:03,9.015935910485789,0.005008853283603216,0.11503525205400233
17:19:03,17:19:05,9.24290937139632,0.005134949650775733,0.11348673045526603
17:19:05,17:19:07,9.152250032480667,0.005084583351378149,-0.04532966945782668
17:19:07,17:19:09,9.865613882170699,0.005480896601205944,0.3566819248450157
17:19:09,17:19:11,9.781583705050275,0.005434213169472375,-0.042015088560211744
17:19:11,17:19:13,10.264505314144989,0.005702502952302771,0.24146080454735674
17:19:13,17:19:15,7.63997806979385,0.004244432260996583,-1.3122636221755695
17:19:15,17:19:17,7.331859952100012,0.004073255528944451,-0.15405905884691906
17:19:17,17:19:19,6.948309378869388,0.00386017187714966,-0.19177528661531174
17:19:19,17:19:21,5.618327762757725,0.0031212932015320695,-0.6649908080558316
17:19:21,17:19:23,6.9391815632194795,0.0038551008684552662,0.6604269002308771
17:19:23,17:19:25,8.483486346697722,0.004713047970387623,0.7721523917391213
17:19:25,17:19:27,8.608851565206976,0.004782695314003876,0.06268260925462688
17:19:27,17:19:29,9.751396765389932,0.005417442647438851,0.5712726000914783
17:19:29,17:19:31,8.503266692633419,0.0047240370514630104,-0.6240650363782567
17:19:31,17:19:33,9.835463684283832,0.005464146491268796,0.6660984958252065
17:19:33,17:19:35,11.368899834786449,0.00631605546377025,0.7667180752513083
17:19:35,17:19:37,11.965033059954461,0.006647240588863589,0.29806661258400613
17:19:37,17:19:39,12.753271605978691,0.007085150892210384,0.394119273012115
17:19:39,17:19:41,8.40619293995699,0.004670107188864994,-2.173539333010851
17:19:41,17:19:43,9.800538611890252,0.0054447436732723625,0.6971728359666312
17:19:43,17:19:45,11.715942071932599,0.006508856706629222,0.9577017300211734
17:19:45,17:19:47,11.72150578819566,0.0065119476601087,0.0027818581315308677
17:19:47,17:19:49,10.044278496680056,0.005580154720377809,-0.8386136457578024
17:19:49,17:19:51,10.44472646754851,0.005802625815304727,0.20022398543422693
17:19:51,17:19:53,11.48111153130844,0.0063783952951713555,0.518192531879965
17:19:53,17:19:55,10.24422950828766,0.005691238615715366,-0.6184410115103898
17:19:55,17:19:57,8.056496325659143,0.0044758312920328575,-1.0938665913142582
17:19:57,17:19:59,7.298179551471274,0.004054544195261819,-0.37915838709393457
17:19:59,17:20:01,4.853075595478132,0.0026961531085989625,-1.222551977996571
17:20:01,17:20:03,3.72749184316387,0.0020708288017577056,-0.5627918761571311
17:20:03,17:20:05,1.6558978195080283,0.0009199432330600157,-1.035797011827921
17:20:05,17:20:07,0.30899939287545564,0.00017166632937525313,-0.6734492133162864
17:20:07,17:20:09,1.128699128339867,0.0006270550712999261,0.4098498677322057
17:20:09,17:20:11,0.5089423579412761,0.00028274575441182006,-0.3098783851992955
17:20:11,17:20:13,0.45949284528957735,0.0002552738029386541,-0.024724756325849362
17:20:13,17:20:15,0.4499269359308528,0.0002499594088504738,-0.004782954679362267
17:20:15,17:20:17,1.870412739040673,0.0010391181883559295,0.7102429015549101
17:20:17,17:20:19,2.06219658287571,0.0011456647682642834,0.0958919219175185
17:20:19,17:20:21,2.1402650710930544,0.0011890361506072524,0.03903424410867218
17:20:21,17:20:23,2.605715287090824,0.0014476196039393467,0.2327251079988848
17:20:23,17:20:25,3.5560301675599657,0.001975572315311092,0.47515744023457085
17:20:25,17:20:27,2.9654215806989894,0.0016474564337216609,-0.29530429343048814
17:20:27,17:20:29,1.2050458146509502,0.0006694698970283056,-0.8801878830240196
17:20:29,17:20:31,0.8855336393059692,0.0004919631329477606,-0.1597560876724905
17:20:31,17:20:33,0.9775928645082367,0.0005431071469490204,0.04602961260113375
17:20:33,17:20:35,1.301794263088813,0.0007232190350493406,0.1621006992902882
17:20:35,17:20:37,0.081927251394582,4.5515139663656664e-05,-0.6099335058471156
17:20:37,17:20:39,0.5255719529358399,0.0002919844182976888,0.22182235077062895
17:20:39,17:20:41,0.9894697378932952,0.0005497054099407195,0.23194889247872763
17:20:41,17:20:43,1.1132243509359745,0.0006184579727422081,0.06187730652133966
17:20:43,17:20:45,4.1563318918289305,0.002309073273238295,1.521553770446478
17:20:45,17:20:47,2.9373690701631316,0.0016318717056461843,-0.6094814108328994
17:20:47,17:20:49,1.1080171520629858,0.0006155650844794366,-0.9146759590500729
17:20:49,17:20:51,0.8188604443532576,0.0004549224690851431,-0.14457835385486412
17:20:51,17:20:53,1.3766330661480743,0.0007647961478600414,0.2788863108974084
17:20:53,17:20:55,1.2929412880643865,0.0007183007155913258,-0.04184588904184394
17:20:55,17:20:57,1.2424310001319587,0.0006902394445177549,-0.025255143966213867
17:20:57,17:20:59,2.528201143514359,0.0014045561908413106,0.6428850716912002
17:20:59,17:21:01,0.4617762739964975,0.0002565423744424986,-1.0332124347589309
17:21:01,17:21:03,1.8169250277233215,0.001009402793179623,0.677574376863412
17:21:03,17:21:05,1.0776689699303985,0.0005987049832946659,-0.3696280288964615
17:21:05,17:21:07,1.8379712032085436,0.0010210951128936353,0.38015111663907253
17:21:07,17:21:09,0.9511638027535875,0.0005284243348631041,-0.44340370022747805
17:21:09,17:21:11,1.0773926859549554,0.0005985514921971974,0.06311444160068397
17:21:11,17:21:13,1.0337582427912249,0.0005743101348840138,-0.021817221581865276
17:21:13,17:21:15,0.2829716520692109,0.00015720647337178381,-0.37539329536100696
17:21:15,17:21:17,0.2501103480432745,0.0001389501933573747,-0.0164306520129682
17:21:17,17:21:19,1.3346922654746634,0.0007414957030414796,0.5422909587156944
17:21:19,17:21:21,1.9717635545784256,0.0010954241969880142,0.3185356445518811
17:21:21,17:21:23,1.1157880169004417,0.0006198822316113565,-0.4279877688389919
17:21:23,17:21:25,2.4240204194872477,0.0013466780108262488,0.654116201293403
17:21:25,17:21:27,1.1382361740727214,0.0006323534300404007,-0.6428921227072631
17:21:27,17:21:29,1.4124223520361137,0.0007846790844645076,0.13709308898169614
17:21:29,17:21:31,1.4445517427316747,0.0008025287459620415,0.016064695347780544
17:21:31,17:21:33,1.5091238396695754,0.0008384021331497641,0.032286048468950335
17:21:33,17:21:35,6.703577696913436,0.0037242098316185757,2.5972269286219305
17:21:35,17:21:37,4.698192486348148,0.002610106936860082,-1.0026926052826441
17:21:37,17:21:39,3.5620641965252715,0.001978924553625151,-0.5680641449114383
17:21:39,17:21:41,1.085559894808928,0.0006030888304494044,-1.2382521508581719
17:21:41,17:21:43,3.327685237024371,0.001848714020569095,1.1210626711077216
17:21:43,17:21:45,0.6381150945952268,0.0003545083858862371,-1.3447850712145721
17:21:45,17:21:47,0.10298870971355077,5.721594984086154e-05,-0.267563192440838
17:21:47,17:21:49,1.801325221682795,0.0010007362342682195,0.8491682559846222
17:21:49,17:21:51,1.7058546838431383,0.0009476970465795213,-0.04773526891982838
17:21:51,17:21:53,1.4625312094706926,0.0008125173385948293,-0.12166173718622286
17:21:53,17:21:55,0.8768728797028045,0.00048715159983489135,-0.29282916488394406
17:21:55,17:21:57,0.9796992194236404,0.0005442773441242446,0.05141316986041794
17:21:57,17:21:59,0.5075674724584665,0.00028198192914359246,-0.23606587348258695
17:21:59,17:22:01,0.721753841977361,0.00040097435665408947,0.10709318475944729
17:22:01,17:22:03,1.4137759222564072,0.0007854310679202263,0.3460110401395231
17:22:03,17:22:05,0.698366671611838,0.00038798148422879885,-0.35770462532228464
17:22:05,17:22:07,0.4399664393143354,0.0002444257996190752,-0.1292001161487513
17:22:07,17:22:09,0.3042404189590251,0.00016902245497723615,-0.06786301017765514
17:22:09,17:22:11,0.3758510401533139,0.0002088061334185077,0.035805310597144396
17:22:11,17:22:13,0.8769418766686493,0.000487189931482583,0.25054541825766774
17:22:13,17:22:15,0.8272857407428605,0.0004596031893015892,-0.024828067962894385
17:22:15,17:22:17,1.2289087789478461,0.00068272709941547,0.20081151910249279
17:22:17,17:22:19,0.9787996902946013,0.000543777605719223,-0.12505454432662239
17:22:19,17:22:21,0.4687754425159175,0.00026043080139773195,-0.2550121238893419
17:22:21,17:22:23,0.38832475005621164,0.00021573597225345092,-0.04022534622985294
17:22:23,17:22:25,0.3327717491867338,0.00018487319399262988,-0.02777650043473892
17:22:25,17:22:27,0.8746336072194786,0.000485907559566377,0.2709309290163724
17:22:27,17:22:29,1.1302385484099953,0.0006279103046722196,0.12780247059525834
17:22:29,17:22:31,0.7962730844150367,0.00044237393578613156,-0.16698273199747926
17:22:31,17:22:33,0.8584158136778143,0.0004768976742654524,0.031071364631388765
17:22:33,17:22:35,0.9793090987949911,0.0005440606104416617,0.06044664255858839
17:22:35,17:22:37,1.1104173003210183,0.0006168985001783435,0.0655541007630136
17:22:37,17:22:39,1.8512513876444023,0.001028472993135779,0.37041704366169204
17:22:39,17:22:41,2.0030629859729285,0.0011128127699849603,0.0759057991642631
17:22:41,17:22:43,0.45824725107773956,0.00025458180615429976,-0.7724078674475945
17:22:43,17:22:45,1.036186585975849,0.0005756592144310273,0.2889696674490547
17:22:45,17:22:47,2.820797665132676,0.0015671098139625978,0.8923055395784134
17:22:47,17:22:49,1.6628979198269982,0.0009238321776816657,-0.5789498726528388
17:22:49,17:22:51,1.6536256096673512,0.0009186808942596395,-0.004636155079823512
17:22:51,17:22:53,0.6466178799380207,0.0003592321555211226,-0.5035038648646653
17:22:53,17:22:55,2.5434723089989473,0.0014130401716660817,0.9484272145304633
17:22:55,17:22:57,2.799147288910896,0.0015550818271727201,0.12783748995597444
17:22:57,17:22:59,1.373390071680954,0.0007629944842671967,-0.7128786086149711
17:22:59,17:23:01,0.9136462176648541,0.00050758123203603,-0.22987192700804993
17:23:01,17:23:03,1.1978186588419346,0.0006654548104677414,0.14208622058854026
17:23:03,17:23:05,2.890244085857441,0.0016056911588096896,0.8462127135077533
17:23:05,17:23:07,2.4775725669502733,0.001376429203861263,-0.20633575945358396
17:23:07,17:23:09,0.24691573462057304,0.00013717540812254058,-1.11532841616485
17:23:09,17:23:11,0.9865010093836708,0.0005480561163242615,0.3697926373815489
17:23:11,17:23:13,0.21998321936346782,0.000122212899646371,-0.38325889501010146
17:23:13,17:23:15,2.9146296475801723,0.0016192386931000956,1.3473232141083522
17:23:15,17:23:17,1.1547148009112653,0.0006415082227284807,-0.8799574233344535
17:23:17,17:23:19,1.696183112620831,0.0009423239514560173,0.2707341558547829
17:23:19,17:23:21,0.8401427192719769,0.0004667459551510983,-0.4280201966744271
17:23:21,17:23:23,1.7659796079379109,0.0009810997821877282,0.46291844433296697
17:23:23,17:23:25,2.6148749541243217,0.0014527083078468453,0.4244476730932054
17:23:25,17:23:27,7.242697094324291,0.00402372060795794,2.3139110700999845
17:23:27,17:23:29,1.4601588647203134,0.0008111993692890631,-2.8912691148019887
17:23:29,17:23:31,1.5809875115956313,0.0008783263953309063,0.06041432343765896
17:23:31,17:23:33,1.2511651921299312,0.0006950917734055173,-0.1649111597328501
17:23:33,17:23:35,5.365715889875809,0.002980953272153227,2.057275348872939
17:23:35,17:23:37,5.340374204441038,0.002966874558022799,-0.01267084271738561
17:23:37,17:23:39,5.202911011163832,0.00289050611731324,-0.06873159663860307
17:23:39,17:23:41,1.6644029298515748,0.000924668294361986,-1.7692540406561286
17:23:41,17:23:43,1.823229251731508,0.0010129051398508379,0.07941316093996664
17:23:43,17:23:45,1.896039846718531,0.001053355470399184,0.03640529749351151
17:23:45,17:23:47,1.7914996274253583,0.0009952775707918657,-0.052270109646586405
17:23:47,17:23:49,0.873314969687274,0.00048517498315959665,-0.45909232886904217
17:23:49,17:23:51,2.1215041281109412,0.0011786134045060784,0.6240945792118336
17:23:51,17:23:53,1.8564496070739631,0.0010313608928188684,-0.13252726051848907
17:23:53,17:23:55,3.7801928714856925,0.0021001071508253847,0.9618716322058647
17:23:55,17:23:57,4.617664668073526,0.0025653692600408474,0.41873589829391666
17:23:57,17:23:59,2.34721167944394,0.0013040064885799665,-1.135226494314793
17:23:59,17:24:01,3.626542512016452,0.00201474584000914,0.6396654162862561
17:24:01,17:24:03,1.690269998155051,0.0009390388878639173,-0.9681362569307005
17:24:03,17:24:05,1.976668917678438,0.0010981493987102433,0.14319945976169346
17:24:05,17:24:07,2.275142128857084,0.0012639678493650466,0.14923660558932295
17:24:07,17:24:09,1.961366716447043,0.0010896481758039128,-0.15688770620502046
17:24:09,17:24:11,3.518790195388728,0.0019548834418826266,0.7787117394708425
17:24:11,17:24:13,3.543466417913792,0.001968592454396551,0.012338111262532037
17:24:13,17:24:15,3.9321113237139755,0.0021845062909522086,0.19432245290009176
17:24:15,17:24:17,5.242360786988247,0.002912422659437915,0.6551247316371356
17:24:17,17:24:19,3.1026437130928377,0.0017236909517182432,-1.0698585369477045
17:24:19,17:24:21,3.4649886349224044,0.0019249936860680024,0.18117246091478334
17:24:21,17:24:23,4.881845936814701,0.0027121366315637227,0.7084286509461482
17:24:23,17:24:25,2.970839070357806,0.001650466150198781,-0.9555034332284473
17:24:25,17:24:27,1.9192805775119395,0.001066266987506633,-0.5257792464229333
17:24:27,17:24:29,2.209859763938831,0.0012276998688549063,0.1452895932134458
17:24:29,17:24:31,0.9498845449285486,0.0005277136360714159,-0.6299876095051413
17:24:31,17:24:33,2.925068615708487,0.0016250381198380482,0.9875920353899692
17:24:33,17:24:35,3.3689391762276686,0.0018716328756820382,0.22193528025959086
17:24:35,17:24:37,0.9007927114774013,0.0005004403952652229,-1.2340732323751338
17:24:37,17:24:39,3.186667252046928,0.0017703706955816269,1.1429372702847633
17:24:39,17:24:41,7.271579020162167,0.004039766122312315,2.0424558840576195
17:24:41,17:24:43,5.072712487345572,0.002818173604080873,-1.0994332664082975
17:24:43,17:24:45,6.563979060705286,0.003646655033725159,0.745633286679857
17:24:45,17:24:47,3.1797643739118904,0.0017665357632843835,-1.6921073433966978
17:24:47,17:24:49,4.35068719623305,0.0024170484423516945,0.5854614111605798
17:24:49,17:24:51,1.141124743424439,0.0006339581907913549,-1.6047812264043055
17:24:51,17:24:53,7.518429172471605,0.004176905095817559,3.188652214523583
17:24:53,17:24:55,4.739944591069334,0.0026333025505940744,-1.3892422907011355
17:24:55,17:24:57,1.0559610636106636,0.0005866450353392576,-1.8419917637293355
17:24:57,17:24:59,1.9120873022955978,0.0010622707234975543,0.4280631193424671
17:24:59,17:25:01,4.086994466763367,0.002270552481535204,1.0874535822338847
17:25:01,17:25:03,3.4573933235462357,0.0019207740686367975,-0.3148005716085658
17:25:03,17:25:05,5.240508450541275,0.0029113935836340417,0.8915575634975195
17:25:05,17:25:07,0.9083763604616506,0.0005046535335898059,-2.166066045039812
17:25:07,17:25:09,5.392617637897118,0.0029958986877206208,2.2421206387177337
17:25:09,17:25:11,3.3210007794063365,0.0018450004330035203,-1.0358084292453906
17:25:11,17:25:13,2.67404296216972,0.0014855794234276223,-0.3234789086183083
17:25:13,17:25:15,1.0156274723053234,0.0005642374846140685,-0.8292077449321983
17:25:15,17:25:17,0.5508118793753188,0.0003060065996529549,-0.23240779646500226
17:25:17,17:25:19,3.984584929873621,0.002213658294374234,1.7168865252491512
17:25:19,17:25:21,2.63127746429387,0.0014618208134965943,-0.6766537327898756
17:25:21,17:25:23,1.9438837211570925,0.0010799354006428292,-0.3436968715683887
17:25:23,17:25:25,3.548927240484855,0.0019716262447138084,0.8025217596638813
17:25:25,17:25:27,4.461664144471671,0.0024787023024842618,0.4563684519934079
17:25:27,17:25:29,2.409270141625646,0.001338483412014248,-1.0261970014230124
17:25:29,17:25:31,1.1288987418559446,0.0006271659676977471,-0.6401856998848507
17:25:31,17:25:33,3.1013021046438167,0.0017229456136910093,0.986201681393936
17:25:33,17:25:35,1.9182189076743639,0.0010656771709302022,-0.5915415984847264
17:25:35,17:25:37,1.7334740982499328,0.0009630411656944072,-0.09237240471221553
17:25:37,17:25:39,3.332918890873934,0.0018516216060410744,0.7997223963120006
17:25:39,17:25:41,2.756626221597591,0.0015314590119986618,-0.2881463346381714
17:25:41,17:25:43,1.7956544710342772,0.0009975858172412652,-0.480485875281657
17:25:43,17:25:45,2.6419187065672864,0.0014677326147596035,0.4231321177665046
17:25:45,17:25:47,1.3237037052239284,0.000735390947346627,-0.659107500671679
17:25:47,17:25:49,1.2615638662029365,0.0007008688145571869,-0.03106991951049598
17:25:49,17:25:51,1.5815762679770524,0.0008786534822094736,0.16000620088705797
17:25:51,17:25:53,1.6575928862693212,0.0009208849368162895,0.0380083091461344
17:25:53,17:25:55,2.5853935787636817,0.001436329765979823,0.46390034624718024
17:25:55,17:25:57,1.3584912356664602,0.0007547173531480335,-0.6134511715486107
17:25:57,17:25:59,1.7485450699243343,0.0009714139277357413,0.19502691712893705
17:25:59,17:26:01,0.8292988009336822,0.0004607215560742679,-0.45962313449532605
17:26:01,17:26:03,1.1427565993151996,0.0006348647773973331,0.15672889919075866
17:26:03,17:26:05,1.624980307580132,0.0009027668375445177,0.24111185413246616
17:26:05,17:26:07,0.9554116658034948,0.0005307842587797193,-0.33478432088831855
17:26:07,17:26:09,0.5149437770631474,0.000286079876146193,-0.22023394437017368
17:26:09,17:26:11,0.3927156718303557,0.0002181753732390865,-0.06111405261639585
17:26:11,17:26:13,0.989255074210215,0.0005495861523390083,0.2982697011899296
17:26:13,17:26:15,1.825330326942625,0.001014072403857014,0.41803762636620506
17:26:15,17:26:17,1.2366696688339454,0.0006870387049077475,-0.29433032905433987
17:26:17,17:26:19,2.7358418331091134,0.001519912129505063,0.749586082137584
17:26:19,17:26:21,2.5658241282505414,0.0014254578490280785,-0.08500885242928602
17:26:21,17:26:23,2.6626334830352056,0.0014792408239084475,0.04840467739233212
17:26:23,17:26:25,4.250058088663889,0.002361143382591049,0.7937123028143416
17:26:25,17:26:27,3.605325643693346,0.0020029586909407478,-0.32236622248527147
17:26:27,17:26:29,2.708357413085246,0.0015046430072695812,-0.44848411530404997
17:26:29,17:26:31,0.8509969371413666,0.0004727760761896481,-0.9286802379719397
17:26:31,17:26:33,1.4478695701689355,0.0008043719834271864,0.29843631651378444
17:26:33,17:26:35,3.156567206703669,0.001753648448168705,0.8543488182673669
17:26:35,17:26:37,2.35782049971847,0.0013099002776213722,-0.3993733534925996
17:26:37,17:26:39,1.3999916421532141,0.0007777731345295634,-0.4789144287826279
17:26:39,17:26:41,0.6401025806056385,0.00035561254478091027,-0.3799445307737878
17:26:41,17:26:43,0.4373050355143444,0.00024294724195241357,-0.10139877254564705
17:26:43,17:26:45,0.6052112338954196,0.0003362284632752331,0.08395309919053762
17:26:45,17:26:47,1.0098062405785988,0.0005610034669881104,0.20229750334158958
17:26:47,17:26:49,0.8230823393320087,0.00045726796629556036,-0.09336195062329505
17:26:49,17:26:51,1.1733571938308938,0.0006518651076838299,0.17513742724944253
17:26:51,17:26:53,1.2560067665370198,0.000697781536965011,0.041324786353063026
17:26:53,17:26:55,1.3126005143140782,0.0007292225079522656,0.028296873888529195
17:26:55,17:26:57,0.920592328758249,0.0005114401826434717,-0.19600409277791458
17:26:57,17:26:59,0.34188331696573565,0.00018993517609207537,-0.28935450589625666
17:26:59,17:27:01,1.3967398728683031,0.0007759665960379462,0.5274282779512838
17:27:01,17:27:03,0.8029253298636856,0.00044606962770204757,-0.2969072715023088
17:27:03,17:27:05,1.82916060706572,0.0010162003372587334,0.5131176386010172
17:27:05,17:27:07,0.8580841983001367,0.00047671344350007594,-0.48553820438279166
17:27:07,17:27:09,0.3303186782223627,0.0001835103767902015,-0.263882760038887
17:27:09,17:27:11,1.3000510676432848,0.0007222505931351582,0.48486619471046105
17:27:11,17:27:13,2.1635412292171012,0.0012019673495650563,0.4317450807869082
17:27:13,17:27:15,0.7699194499161833,0.00042773302773121296,-0.696810889650459
17:27:15,17:27:17,2.489974192954159,0.001383318996085644,0.8600273715189879
17:27:17,17:27:19,1.949568299374738,0.0010830934996526322,-0.27020294678971046
17:27:19,17:27:21,2.695165550889001,0.0014973141949383337,0.3727986257571314
17:27:21,17:27:23,2.772692583548298,0.0015403847686379433,0.03876351632964847
17:27:23,17:27:25,3.340192056321078,0.00185566225351171,0.2837497363863901
17:27:25,17:27:27,3.235817906187189,0.0017976766145484382,-0.052187075066944644
17:27:27,17:27:29,3.8587908595026317,0.0021437726997236843,0.31148647665772144
17:27:29,17:27:31,8.817366967314438,0.0048985372040635765,2.4792880539059032
17:27:31,17:27:33,28.22585407240453,0.01568103004022474,9.704243552545046
17:27:33,17:27:35,14.828809755980963,0.008238227642211646,-6.698522158211784
17:27:35,17:27:37,6.009587451974567,0.003338659695541426,-4.4096111520031975
17:27:37,17:27:39,3.0615285078551926,0.0017008491710306627,-1.4740294720596872
17:27:39,17:27:41,4.498721447837811,0.0024992896932432285,0.7185964699913092
17:27:41,17:27:43,11.759021930975043,0.006532789961652802,3.630150241568616
17:27:43,17:27:45,2.9245442860361206,0.0016247468255756225,-4.417238822469462
17:27:45,17:27:47,4.554910499049403,0.002530505832805224,0.8151831065066413
17:27:47,17:27:49,5.533772886800064,0.00307431827044448,0.48943119387533063
17:27:49,17:27:51,8.274144296157036,0.004596746831198354,1.370185704678486
17:27:51,17:27:53,8.19260851891255,0.0045514491771736386,-0.04076788862224312
17:27:53,17:27:55,8.084073415517127,0.004491151897509514,-0.0542675516977118
17:27:55,17:27:57,5.944403240036924,0.003302446244464958,-1.0698350877401013
17:27:57,17:27:59,5.150371999988229,0.0028613177777712384,-0.39701562002434754
17:27:59,17:28:01,6.310217723698754,0.0035056765131659742,0.5799228618552625
17:28:01,17:28:03,8.993215914657906,0.004996231063698836,1.341499095479576
17:28:03,17:28:05,10.281108309306923,0.005711726838503846,0.6439461973245084
17:28:05,17:28:07,8.913290797508587,0.004951828220838104,-0.6839087558991679
17:28:07,17:28:09,7.864904266758868,0.004369391259310482,-0.5241932653748598
17:28:09,17:28:11,9.560040828248898,0.00531113379347161,0.8475682807450151
17:28:11,17:28:13,8.627618361204977,0.004793121311780542,-0.46621123352196037
17:28:13,17:28:15,8.915301293724422,0.004952945163180234,0.1438414662597225
17:28:15,17:28:17,10.027118940281046,0.00557062163348947,0.5559088232783118
17:28:17,17:28:19,10.527587655811216,0.0058486598087840085,0.25023435776508496
17:28:19,17:28:21,9.79274067507536,0.005440411486152977,-0.3674234903679281
17:28:21,17:28:23,7.6972609927834785,0.004276256107101932,-1.0477398411459404
17:28:23,17:28:25,8.545975620230596,0.004747764233461442,0.4243573137235588
17:28:25,17:28:27,8.328940471551439,0.004627189150861911,-0.10851757433957854
17:28:27,17:28:29,6.381280901223387,0.003545156056235215,-0.9738297851640261
17:28:29,17:28:31,4.617011704537452,0.002565006502520807,-0.8821345983429674
17:28:31,17:28:33,5.0258535545601015,0.0027921408636445008,0.2044209250113247
17:28:33,17:28:35,4.190736455501688,0.00232818691972316,-0.4175585495292067
17:28:35,17:28:37,5.233548433500766,0.0029075269075004256,0.5214059889995388
17:28:37,17:28:39,5.378062183654621,0.0029878123242525674,0.07225687507692768
17:28:39,17:28:41,4.214002010626904,0.0023411122281260573,-0.5820300865138588
17:28:41,17:28:43,5.663483989397605,0.0031463799941097805,0.7247409893853507
17:28:43,17:28:45,6.086059163734847,0.0033811439798526926,0.21128758716862084
17:28:45,17:28:47,6.666067245134568,0.0037033706917414264,0.2900040406998605
17:28:47,17:28:49,6.579581241267506,0.0036553229118152807,-0.04324300193353103
17:28:49,17:28:51,8.901903948572107,0.004945502193651171,1.1611613536523007
17:28:51,17:28:53,8.156142615628678,0.004531190342015932,-0.3728806664717146
17:28:53,17:28:55,8.093192956944439,0.004496218309413577,-0.03147482934211965
17:28:55,17:28:57,8.093879269901946,0.00449659959438997,0.0003431564787534924
17:28:57,17:28:59,8.827479180838779,0.004904155100465988,0.3667999554684167
17:28:59,17:29:01,10.413619975339092,0.00578534443074394,0.7930703972501565
17:29:01,17:29:03,18.023032591901096,0.010012795884389497,3.804706308281002
17:29:03,17:29:05,16.798762431289045,0.00933264579516058,-0.6121350803060253
17:29:05,17:29:07,12.006297477833977,0.00667016526546332,-2.3962324767275343
17:29:07,17:29:09,10.634597716321224,0.0059081098424006795,-0.6858498807563764
17:29:09,17:29:11,9.29341652478609,0.005163009180436717,-0.6705905957675666
17:29:11,17:29:13,8.138687153610121,0.004521492863116734,-0.5773646855879848
17:29:13,17:29:15,8.77568799767125,0.004875382220928472,0.3185004220305645
17:29:15,17:29:17,9.567708428992642,0.005315393571662579,0.39601021566069594
17:29:17,17:29:19,12.24211773624603,0.006801176520136683,1.337204653626694
17:29:19,17:29:21,14.388269833453457,0.007993483240807476,1.0730760486037134
17:29:21,17:29:23,14.013455063930603,0.00778525281329478,-0.1874073847614266
17:29:23,17:29:25,14.050373212149392,0.007805762895638551,0.01845907410939418
17:29:25,17:29:27,14.027916822129026,0.007793287123405014,-0.011228195010183128
17:29:27,17:29:29,14.574538182806755,0.008096965657114864,0.27331068033886474
17:29:29,17:29:31,15.009737760862148,0.008338743200478971,0.2175997890276964
17:29:31,17:29:33,15.582520287060756,0.008656955715033754,0.2863912630993042
17:29:33,17:29:35,16.535640230224807,0.009186466794569338,0.47655997158202545
17:29:35,17:29:37,16.581870164895463,0.009212150091608591,0.02311496733532792
17:29:37,17:29:39,15.838387886102183,0.008799104381167879,-0.3717411393966401
17:29:39,17:29:41,16.156941743869115,0.008976078746593954,0.15927692888346634
17:29:41,17:29:43,15.951023500163148,0.00886167972231286,-0.10295912185298395
17:29:43,17:29:45,13.308955375928296,0.007393864097737942,-1.321034062117426
17:29:45,17:29:47,12.515113488785481,0.006952840827103045,-0.3969209435714074
17:29:47,17:29:49,12.771615179060237,0.007095341766144576,0.12825084513737828
17:29:49,17:29:51,9.302951478359867,0.005168306376866593,-1.734331850350185
17:29:51,17:29:53,7.580752408844267,0.004211529116024593,-0.8610995347578001
17:29:53,17:29:55,6.523946551156606,0.003624414750642559,-0.5284029288438306
17:29:55,17:29:57,6.262706944467178,0.003479281635815099,-0.13061980334471412
17:29:57,17:29:59,5.825354395934828,0.003236307997741571,-0.21867627426617497
17:29:59,17:30:01,5.607025735329346,0.003115014297405192,-0.10916433030274098
17:30:01,17:30:03,5.552051830343956,0.0030844732390799753,-0.02748695249269506
17:30:03,17:30:05,4.28184668785454,0.0023788037154747446,-0.6351025712447078
17:30:05,17:30:07,5.374847345444923,0.0029860263030249573,0.5465003287951915
17:30:07,17:30:09,5.97571464118521,0.0033198414673251166,0.30043364787014326
17:30:09,17:30:11,7.707256601793903,0.004281809223218835,0.8657709803043465
17:30:11,17:30:13,10.529565626237545,0.00584975868124308,1.4111545122218212
17:30:13,17:30:15,13.727467677789852,0.007626370932105473,1.5989510257761532
17:30:15,17:30:17,12.41482269872511,0.00689712372151395,-0.6563224895323705
17:30:17,17:30:19,12.447888192487284,0.006915493440270713,0.016532746881086524
17:30:19,17:30:21,11.238889874975232,0.0062438277083195735,-0.6044991587560258
17:30:21,17:30:23,8.794689789014928,0.00488593877167496,-1.222100042980152
17:30:23,17:30:25,6.117878199668045,0.003398821222037803,-1.3384057946734416
17:30:25,17:30:27,5.185922356512778,0.0028810679758404325,-0.4659779215776334
17:30:27,17:30:29,4.2971890349935205,0.002387327241663067,-0.44436666075962883
17:30:29,17:30:31,2.7372299579416643,0.0015206833099675912,-0.779979538525928
17:30:31,17:30:33,2.481770662180466,0.0013787614789891479,-0.12772964788059915
17:30:33,17:30:35,1.512702928144522,0.0008403905156358455,-0.4845338670179721
17:30:35,17:30:37,2.355298112175026,0.0013084989512083477,0.4212975920152521
17:30:37,17:30:39,1.037833918754455,0.0005765743993080306,-0.6587320967102855
17:30:39,17:30:41,0.9164684451091422,0.0005091491361717456,-0.0606827368226564
17:30:41,17:30:43,0.728596164048419,0.0004047756466935661,-0.09393614053036159
17:30:43,17:30:45,2.4206232184149177,0.0013447906768971766,0.8460135271832494
17:30:45,17:30:47,3.533215313881274,0.001962897396600708,0.5562960477331782
17:30:47,17:30:49,0.7532878452773553,0.0004184932473763085,-1.3899637343019595
17:30:49,17:30:51,1.0585643777519296,0.0005880913209732942,0.15263826623728716
17:30:51,17:30:53,2.933686629528193,0.0016298259052934406,0.9375611258881317
17:30:53,17:30:55,1.2035537405057233,0.000668640966947624,-0.8650664445112348
17:30:55,17:30:57,2.750064841868107,0.0015278138010378372,0.7732555506811918
17:30:57,17:30:59,2.777556170958455,0.0015430867616435862,0.013745664545174119
17:30:59,17:31:01,2.6431049618165,0.001468391645453611,-0.06722560457097759
17:31:01,17:31:03,4.0380351862002355,0.002243352881222353,0.6974651121918678
17:31:03,17:31:05,3.406384831695827,0.0018924360176087928,-0.31582517725220427
17:31:05,17:31:07,2.213666795282599,0.0012298148862681104,-0.5963590182066141
17:31:07,17:31:09,0.5316322269839869,0.0002953512372133261,-0.841017284149306
17:31:09,17:31:11,1.6163423318605399,0.0008979679621447444,0.5423550524382765
17:31:11,17:31:13,1.856859657620313,0.0010315886986779516,0.12025866287988651
17:31:13,17:31:15,1.0472113646009686,0.0005817840914449826,-0.40482414650967213
17:31:15,17:31:17,1.9590257058375675,0.0010883476143542042,0.45590717061829944
17:31:17,17:31:19,2.854827821126333,0.0015860154561812962,0.4479010576443827
17:31:19,17:31:21,1.9728688851665404,0.0010960382695369669,-0.4409794679798963
17:31:21,17:31:23,2.471098731632859,0.0013728326286849219,0.24911492323315942
17:31:23,17:31:25,0.32118711961775515,0.00017843728867653064,-1.074955806007552
17:31:25,17:31:27,1.9416234853117718,0.0010786797140620954,0.8102181828470083
17:31:27,17:31:29,1.4642261757098765,0.0008134589865054869,-0.23869865480094765
17:31:29,17:31:31,0.9005281802218413,0.0005002934334565785,-0.28184899774401756
17:31:31,17:31:33,1.0914510317927348,0.0006063616843292971,0.09546142578544675
17:31:33,17:31:35,0.8547078195024453,0.00047483767750135854,-0.11837160614514475
17:31:35,17:31:37,1.209536586937932,0.0006719647705210733,0.17741438371774332
17:31:37,17:31:39,3.5131580390412505,0.001951754466134028,1.1518107260516592
17:31:39,17:31:41,2.1494944380466947,0.0011941635766926082,-0.6818318004972779
17:31:41,17:31:43,1.1693015706893355,0.0006496119837162975,-0.4900964336786796
17:31:43,17:31:45,2.2637731181102536,0.0012576517322834741,0.5472357737104591
17:31:45,17:31:47,1.2309956003612508,0.0006838864446451394,-0.5163887588745014
17:31:47,17:31:49,2.329082567589625,0.001293934759772014,0.5490434836141872
17:31:49,17:31:51,1.5816655318240322,0.0008787030732355735,-0.37370851788279646
17:31:51,17:31:53,0.9791228439240328,0.0005439571355133516,-0.3012713439499997
17:31:53,17:31:55,2.333012310142685,0.0012961179500792694,0.6769447331093261
17:31:55,17:31:57,0.6527880890270781,0.00036266004945948783,-0.8401121105578034
17:31:57,17:31:59,2.0866390205169445,0.0011592439002871915,0.7169254657449332
17:31:59,17:32:01,5.220576050810625,0.002900320028228125,1.5669685151468404
17:32:01,17:32:03,2.6952759194177474,0.0014973755107876375,-1.262650065696439
17:32:03,17:32:05,3.8617503338509835,0.0021454168521394352,0.5832372072166181
17:32:05,17:32:07,2.332005736592789,0.0012955587425515496,-0.7648722986290972
17:32:07,17:32:09,3.1274229977751364,0.0017374572209861868,0.3977086305911737
17:32:09,17:32:11,3.1216500858655083,0.0017342500477030601,-0.002886455954814071
17:32:11,17:32:13,1.8232295647056747,0.0010129053137253748,-0.6492102605799168
17:32:13,17:32:15,1.560362423307934,0.0008668680129488523,-0.1314335706988703
17:32:15,17:32:17,1.4859614587489771,0.0008255341437494317,-0.037200482279478475
17:32:17,17:32:19,2.4219116416047703,0.0013455064675582057,0.4679750914278966
17:32:19,17:32:21,4.587926099377573,0.002548847832987541,1.0830072288864014
17:32:21,17:32:23,4.660020416400892,0.0025889002313338287,0.036047158511659294
17:32:23,17:32:25,6.864169473151506,0.0038134274850841698,1.102074528375307
17:32:25,17:32:27,6.007848427906252,0.0033376935710590287,-0.42816052262262705
17:32:27,17:32:29,3.2543961518453077,0.001807997862136282,-1.376726138030472
17:32:29,17:32:31,2.2829370463752774,0.0012682983590973764,-0.48572955273501517
17:32:31,17:32:33,2.3451548712356294,0.0013028638173531275,0.031108912430175995
17:32:33,17:32:35,1.5457342366487716,0.0008587412425826509,-0.3997103172934289
17:32:35,17:32:37,0.9476929963945584,0.000526496109108088,-0.2990206201271066
17:32:37,17:32:39,1.0725734196921988,0.0005958741220512215,0.06244021164882019
17:32:39,17:32:41,0.6542928580128091,0.0003634960322293384,-0.20914028083969483
17:32:41,17:32:43,0.6585467471529437,0.0003658593039738576,0.0021269445700672907
17:32:43,17:32:45,0.30534788225553217,0.00016963771236418453,-0.17659943244870577
17:32:45,17:32:47,1.1136613619055034,0.0006187007566141685,0.40415673982498557
17:32:47,17:32:49,1.2007323801171963,0.0006670735445095535,0.04353550910584647
17:32:49,17:32:51,1.6078491770154446,0.0008932495427863581,0.20355839844912416
17:32:51,17:32:53,0.35913088948173033,0.0001995171608231835,-0.6243591437668572
17:32:53,17:32:55,0.12397653526793462,6.887585292663035e-05,-0.11757717710689786
17:32:55,17:32:57,0.7854316315263726,0.00043635090640354034,0.330727548129219
17:32:57,17:32:59,1.2170549565181394,0.0006761416425100775,0.2158116624958834
17:32:59,17:33:01,0.8421709763921391,0.0004678727646622995,-0.18744199006300016
17:33:01,17:33:03,0.6781942392599215,0.00037677457736662307,-0.0819883685661088
17:33:03,17:33:05,1.6905619402148224,0.0009392010778971235,0.5061838504774505
17:33:05,17:33:07,2.0573688743586818,0.0011429827079770453,0.18340346707192967
17:33:07,17:33:09,1.3206065645771095,0.0007336703136539497,-0.36838115489078616
17:33:09,17:33:11,1.137167387944519,0.0006317596599691773,-0.09171958831629523
17:33:11,17:33:13,1.098181549878294,0.0006101008610434967,-0.019492919033112455
17:33:13,17:33:15,0.6179988392426753,0.00034333268846815294,-0.2400913553178094
17:33:15,17:33:17,1.3065633546022928,0.0007258685303346071,0.34428225767980875
17:33:17,17:33:19,2.41804765997752,0.001343359811098622,0.5557421526876135
17:33:19,17:33:21,1.5606523727424606,0.0008670290959680337,-0.4286976436175296
17:33:21,17:33:23,1.9002935552432385,0.0010557186418017992,0.16982059125038895
17:33:23,17:33:25,1.1581519787120391,0.0006434177659511329,-0.3710707882655997
17:33:25,17:33:27,0.9812908137038496,0.0005451615631688054,-0.08843058250409475
17:33:27,17:33:29,0.9973354719941084,0.0005540752622189491,0.008022329145129403
17:33:29,17:33:31,3.953992636786358,0.002196662575992421,1.4783285823961247
17:33:31,17:33:33,5.505004877875775,0.0030583360432643197,0.7755061205447087
17:33:33,17:33:35,3.739969107490965,0.002077760615272758,-0.8825178851924051
17:33:35,17:33:37,2.524035859861489,0.001402242144367494,-0.6079666238147379
17:33:37,17:33:39,4.329345313935645,0.002405191841075358,0.9026547270370777
17:33:39,17:33:41,3.4705793097056143,0.0019280996165031191,-0.4293830021150151
17:33:41,17:33:43,3.5276429009380053,0.001959801611632225,0.028531795616195454
17:33:43,17:33:45,2.8109758452581928,0.0015616532473656628,-0.35833352783990624
17:33:45,17:33:47,1.7490909049825627,0.000971717169434757,-0.530942470137815
17:33:47,17:33:49,2.3360308469513416,0.0012977949149729675,0.2934699709843894
